rva	map_id	name	proof	source_rva	body_sha256	evidence
2940	89	?draw_to@t_highlight_subimage@?%C:\work\game\abstract_adv_actor.cpp980218401@@UBEXHAAV?$t_abstract_bitmap@G@@ABUt_screen_point@@@Z	reviewed-identity-and-runtime-vftable	2830	8d3e6651a10a39f0634d6865888cea7dc90df016a21ce37357fb936e61c6b886	class=?%C:\work\game\abstract_adv_actor.cpp980218401::t_highlight_subimage;proof=reviewed-identity-and-runtime-vftable;cleanup=12;checked-rtti-and-raw-slots;vft=5703c8,col=59af88,offset=0,slot=5,entry=2940;manual-review=F00007;source=cht-1.x:2830;stable-assembly=1.000000
3680	112	?get_rect@t_abstract_adv_actor@@UBE?AUt_screen_rect@@XZ	reviewed-identity-and-runtime-vftable	3540	27eeae3380aa842c821f3131253661169083c14b386fbeb3f8b7f9fbe07219af	class=t_abstract_adv_actor;proof=reviewed-identity-and-runtime-vftable;cleanup=4;checked-rtti-and-raw-slots;vft=570440,col=59b068,offset=10,slot=15,entry=4af0;manual-review=F00016;source=cht-1.x:3540;stable-assembly=0.983333
3920	114	?get_subimage_count@t_abstract_adv_actor@@UBEHXZ	reviewed-identity-and-runtime-vftable	37e0	a8a24254f3a12062e11433e853d0a78e1d50c3b44043b0bbf7dd63100301850d	class=t_abstract_adv_actor;proof=reviewed-identity-and-runtime-vftable;cleanup=0;checked-rtti-and-raw-slots;vft=570440,col=59b068,offset=10,slot=18,entry=4b00;manual-review=F00017;source=cht-1.x:37e0;stable-assembly=1.000000
3cc0	120	?needs_redrawing@t_abstract_adv_actor@@UBE_NKK@Z	reviewed-identity-and-runtime-vftable	3b80	a901317c7f626e05bc3ff8944b632175468a82f79ed9a8d09ebb4b45a7ed1e08	class=t_abstract_adv_actor;proof=reviewed-identity-and-runtime-vftable;cleanup=8;checked-rtti-and-raw-slots;vft=570440,col=59b068,offset=10,slot=25,entry=4b50;manual-review=F00021;source=cht-1.x:3b80;stable-assembly=1.000000
3e00	123	?subimage_needs_redrawing@t_abstract_adv_actor@@UBE_NHKK@Z	reviewed-identity-and-runtime-vftable	3cc0	523b8dfce147ffe287678743df769936ff68e1e7e99e4c30e4dd6cbc45172e90	class=t_abstract_adv_actor;proof=reviewed-identity-and-runtime-vftable;cleanup=12;checked-rtti-and-raw-slots;vft=570440,col=59b068,offset=10,slot=28,entry=4b80;manual-review=F00022;source=cht-1.x:3cc0;stable-assembly=1.000000
3ec0	125	?on_model_changed@t_abstract_adv_actor@@MAEXXZ	reviewed-identity-and-runtime-vftable	3d80	c13908ddf0d4fa50f63464707aa826929a46280c0a21135af52de87c981442f8	class=t_abstract_adv_actor;proof=reviewed-identity-and-runtime-vftable;cleanup=0;checked-rtti-and-raw-slots;vft=5704c0,col=59b0d0,offset=0,slot=2,entry=3ec0;manual-review=F00023;source=cht-1.x:3d80;stable-assembly=0.966292
cba0	1222	?get_name@t_abstract_combat_creature@@UBE?AV?$basic_string@DU?$char_traits@D@std@@V?$allocator@D@2@@std@@_NH@Z	reviewed-identity-and-runtime-vftable	c400	6687ed3cbf20ef367ccc7a19159207e9d13b76ff1074b07cff6f7e5ed9e89551	class=t_abstract_combat_creature;proof=reviewed-identity-and-runtime-vftable;cleanup=12;checked-rtti-and-raw-slots;vft=57067c,col=59b3b8,offset=0,slot=14,entry=cba0;manual-review=F00106;source=cht-1.x:c400;stable-assembly=1.000000
12220	1615	?animates@t_abstract_stationary_adv_object@@UBE_NXZ	reviewed-identity-and-runtime-vftable	112b0	89a9da904c2e9e241748ab201e49f2a2a070912fca1d7034fdaac0186dea8ad5	class=t_abstract_stationary_adv_object;proof=reviewed-identity-and-runtime-vftable;cleanup=0;checked-rtti-and-raw-slots;vft=57093c,col=59b910,offset=c,slot=3,entry=134c0;manual-review=F00149;source=cht-1.x:112b0;stable-assembly=1.000000
12260	1616	?draw_shadow_to@t_abstract_stationary_adv_object@@UBEXKABUt_screen_rect@@AAV?$t_abstract_bitmap@G@@ABUt_screen_point@@@Z	reviewed-identity-and-runtime-vftable	112f0	24c92982d41e0f352fdb5c8fb79255bbf273bfdc453f9db19e5b954a41c6fb09	class=t_abstract_stationary_adv_object;proof=reviewed-identity-and-runtime-vftable;cleanup=16;checked-rtti-and-raw-slots;vft=57093c,col=59b910,offset=c,slot=7,entry=134e0;manual-review=F00150;source=cht-1.x:112f0;stable-assembly=1.000000
122c0	1617	?draw_shadow_to@t_abstract_stationary_adv_object@@UBEXKAAV?$t_abstract_bitmap@G@@ABUt_screen_point@@@Z	reviewed-identity-and-runtime-vftable	11350	9dfedde700781ba1bd8e5b60736b42c4d4121eec3ea35df70b1e73bfa4fdafd8	class=t_abstract_stationary_adv_object;proof=reviewed-identity-and-runtime-vftable;cleanup=12;checked-rtti-and-raw-slots;vft=57093c,col=59b910,offset=c,slot=6,entry=134d0;manual-review=F00151;source=cht-1.x:11350;stable-assembly=1.000000
12320	1618	?draw_subimage_to@t_abstract_stationary_adv_object@@UBEXHKABUt_screen_rect@@AAV?$t_abstract_bitmap@G@@ABUt_screen_point@@H@Z	reviewed-identity-and-runtime-vftable	113b0	f066dc9e4a59b58abfad16700746addfc5e945f764720f77d312ef5a7115a160	class=t_abstract_stationary_adv_object;proof=reviewed-identity-and-runtime-vftable;cleanup=24;checked-rtti-and-raw-slots;vft=57093c,col=59b910,offset=c,slot=9,entry=13500;manual-review=F00152;source=cht-1.x:113b0;stable-assembly=1.000000
123b0	1619	?draw_subimage_to@t_abstract_stationary_adv_object@@UBEXHKAAV?$t_abstract_bitmap@G@@ABUt_screen_point@@@Z	reviewed-identity-and-runtime-vftable	11440	603793481445970b537bbd517687903c8ba65f5fd94ec9d7c6172383ac2408e4	class=t_abstract_stationary_adv_object;proof=reviewed-identity-and-runtime-vftable;cleanup=16;checked-rtti-and-raw-slots;vft=57093c,col=59b910,offset=c,slot=8,entry=134f0;manual-review=F00153;source=cht-1.x:11440;stable-assembly=1.000000
128a0	1625	?get_rect@t_abstract_stationary_adv_object@@UBE?AUt_screen_rect@@XZ	reviewed-identity-and-runtime-vftable	11900	55cc4f1e89b12e8462a13d80a21c8daf669852372f9c964bff05f8cff8ad359a	class=t_abstract_stationary_adv_object;proof=reviewed-identity-and-runtime-vftable;cleanup=4;checked-rtti-and-raw-slots;vft=57093c,col=59b910,offset=c,slot=15,entry=13550;manual-review=F00156;source=cht-1.x:11900;stable-assembly=1.000000
12a40	1628	?get_shadow_rect@t_abstract_stationary_adv_object@@UBE?AUt_screen_rect@@K@Z	reviewed-identity-and-runtime-vftable	11aa0	4752d3733cd71415305fa7d1d22123fc50c73b4163ab167eafd16a59edb2646b	class=t_abstract_stationary_adv_object;proof=reviewed-identity-and-runtime-vftable;cleanup=8;checked-rtti-and-raw-slots;vft=57093c,col=59b910,offset=c,slot=16,entry=13560;manual-review=F00158;source=cht-1.x:11aa0;stable-assembly=1.000000
12b00	1631	?get_subimage_rect@t_abstract_stationary_adv_object@@UBE?AUt_screen_rect@@H@Z	reviewed-identity-and-runtime-vftable	11b60	aa27c54ef762310430c28843a60e26c1e919aa3abb7214063af92e075ed5072e	class=t_abstract_stationary_adv_object;proof=reviewed-identity-and-runtime-vftable;cleanup=8;checked-rtti-and-raw-slots;vft=57093c,col=59b910,offset=c,slot=21,entry=135b0;manual-review=F00161;source=cht-1.x:11b60;stable-assembly=1.000000
12b50	1632	?get_subimage_rect@t_abstract_stationary_adv_object@@UBE?AUt_screen_rect@@HK@Z	reviewed-identity-and-runtime-vftable	11bb0	76ca84808d6475d895538a7ea58eda392e6848a22bf559ad763bb9fd72ce1560	class=t_abstract_stationary_adv_object;proof=reviewed-identity-and-runtime-vftable;cleanup=12;checked-rtti-and-raw-slots;vft=57093c,col=59b910,offset=c,slot=20,entry=135a0;manual-review=F00162;source=cht-1.x:11bb0;stable-assembly=1.000000
12c70	1635	?needs_redrawing@t_abstract_stationary_adv_object@@UBE_NKK@Z	reviewed-identity-and-runtime-vftable	11cd0	3a15fbf0d45511e72e2580d885bd20903f78b2da092bfb862b5e5499a7a3bc32	class=t_abstract_stationary_adv_object;proof=reviewed-identity-and-runtime-vftable;cleanup=8;checked-rtti-and-raw-slots;vft=57093c,col=59b910,offset=c,slot=25,entry=135e0;manual-review=F00165;source=cht-1.x:11cd0;stable-assembly=1.000000
12dc0	1638	?subimage_animates@t_abstract_stationary_adv_object@@UBE_NH@Z	reviewed-identity-and-runtime-vftable	11e40	8355459b3344f5fe6aed4a4d4ac884a6e4401435f45c9a20223e73753b6f94b1	class=t_abstract_stationary_adv_object;proof=reviewed-identity-and-runtime-vftable;cleanup=4;checked-rtti-and-raw-slots;vft=57093c,col=59b910,offset=c,slot=26,entry=135f0;manual-review=F00166;source=cht-1.x:11e40;stable-assembly=1.000000
12e00	1639	?subimage_is_underlay@t_abstract_stationary_adv_object@@UBE_NH@Z	reviewed-identity-and-runtime-vftable	11e80	3acf8e1457a3d8efd1224f83f2db71b6e1f60092d49e3d90ea47e1af5209452f	class=t_abstract_stationary_adv_object;proof=reviewed-identity-and-runtime-vftable;cleanup=4;checked-rtti-and-raw-slots;vft=57093c,col=59b910,offset=c,slot=27,entry=13600;manual-review=F00167;source=cht-1.x:11e80;stable-assembly=1.000000
12e40	1640	?subimage_needs_redrawing@t_abstract_stationary_adv_object@@UBE_NHKK@Z	reviewed-identity-and-runtime-vftable	11ec0	143dbb682c4a0a51fb68b9dec701190bfde7eee5eb6044d76510341d4c5438ba	class=t_abstract_stationary_adv_object;proof=reviewed-identity-and-runtime-vftable;cleanup=12;checked-rtti-and-raw-slots;vft=57093c,col=59b910,offset=c,slot=28,entry=13610;manual-review=F00168;source=cht-1.x:11ec0;stable-assembly=1.000000
1d880	2634	?get_layer_count@?$t_image_sequence_base@Vt_bitmap_group_24@@@@MBEKXZ	unique-hierarchy-method-and-slot-cleanup	1c450	5faa56cce27bc069fc31a798895bea6ece272513e9b24ff4c30a137e666aadc2	class=t_image_sequence_base<class t_bitmap_group_24>;proof=unique-hierarchy-method-and-slot-cleanup;cleanup=0;checked-rtti-and-raw-slots;vft=582a74,col=5aedb0,offset=0,slot=4,entry=1d880;source=cht-1.x:1c450;stable-assembly=1.000000
21780	2940	?get_layer_count@?$t_image_sequence_base@Vt_bitmap_group@@@@MBEKXZ	unique-hierarchy-method-and-slot-cleanup	202a0	db428c842e97f7b15832ca29362084dcd95f6ff068e545ce3478f8f51bc28b3c	class=t_image_sequence_base<class t_bitmap_group>;proof=unique-hierarchy-method-and-slot-cleanup;cleanup=0;checked-rtti-and-raw-slots;vft=5844f4,col=5b2378,offset=0,slot=4,entry=21780;source=cht-1.x:202a0;stable-assembly=1.000000
27f60	3236	?create@?$t_object_factory@Vt_adv_abandoned_mine@@@@UBEPAVt_stationary_adventure_object@@ABV?$basic_string@DU?$char_traits@D@std@@V?$allocator@D@2@@std@@ABVt_qualified_adv_object_type@@@Z	unique-hierarchy-method-and-slot-cleanup	261f0	1d10346ae0785d2cd5f2299d1c9e003d0d386a031349f00663777e7883e8a51b	class=t_object_factory<class t_adv_abandoned_mine>;proof=unique-hierarchy-method-and-slot-cleanup;cleanup=8;checked-rtti-and-raw-slots;vft=571970,col=59cda0,offset=0,slot=0,entry=27f60;source=cht-1.x:261f0;stable-assembly=1.000000
2ea60	3661	?create@?$t_object_factory_with_type@Vt_adv_altar@@@@UBEPAVt_stationary_adventure_object@@ABV?$basic_string@DU?$char_traits@D@std@@V?$allocator@D@2@@std@@ABVt_qualified_adv_object_type@@@Z	unique-hierarchy-method-and-slot-cleanup	2c860	c8f77a5c1709cf7bac28c63ed609f0ac6ea18eb331318bd4cfe0b8faad1d5d75	class=t_object_factory_with_type<class t_adv_altar>;proof=unique-hierarchy-method-and-slot-cleanup;cleanup=8;checked-rtti-and-raw-slots;vft=571d74,col=59d5b8,offset=0,slot=0,entry=2ea60;source=cht-1.x:2c860;stable-assembly=1.000000
2ead0	3663	?create@?$t_object_factory@Vt_random_altar@@@@UBEPAVt_stationary_adventure_object@@ABV?$basic_string@DU?$char_traits@D@std@@V?$allocator@D@2@@std@@ABVt_qualified_adv_object_type@@@Z	unique-hierarchy-method-and-slot-cleanup	2c8d0	843c45be96df77af442134e1e175443b4e7e1f166e26b61815ff2106b1542cff	class=t_object_factory<class t_random_altar>;proof=unique-hierarchy-method-and-slot-cleanup;cleanup=8;checked-rtti-and-raw-slots;vft=571d7c,col=59d608,offset=0,slot=0,entry=2ead0;source=cht-1.x:2c8d0;stable-assembly=1.000000
2f1c0	3711	?create@?$t_object_factory@Vt_adv_arena@@@@UBEPAVt_stationary_adventure_object@@ABV?$basic_string@DU?$char_traits@D@std@@V?$allocator@D@2@@std@@ABVt_qualified_adv_object_type@@@Z	unique-hierarchy-method-and-slot-cleanup	2cfd0	2ed95848797566700bfbd536239fa7194b7021ac6b46c74edb737b697c3981e4	class=t_object_factory<class t_adv_arena>;proof=unique-hierarchy-method-and-slot-cleanup;cleanup=8;checked-rtti-and-raw-slots;vft=5720bc,col=59d7b8,offset=0,slot=0,entry=2f1c0;source=cht-1.x:2cfd0;stable-assembly=1.000000
3a180	4227	?create@?$t_object_factory_with_type@Vt_adv_border_guard@@@@UBEPAVt_stationary_adventure_object@@ABV?$basic_string@DU?$char_traits@D@std@@V?$allocator@D@2@@std@@ABVt_qualified_adv_object_type@@@Z	unique-hierarchy-method-and-slot-cleanup	35cf0	726ee8de4b3694a729ed0499a609f518b3434a45553f9ba362b49cfd0cf1c2ad	class=t_object_factory_with_type<class t_adv_border_guard>;proof=unique-hierarchy-method-and-slot-cleanup;cleanup=8;checked-rtti-and-raw-slots;vft=573bc8,col=59e838,offset=0,slot=0,entry=3a180;source=cht-1.x:35cf0;stable-assembly=1.000000
3f650	4341	?create@?$t_object_factory_with_type@Vt_adv_dwelling@@@@UBEPAVt_stationary_adventure_object@@ABV?$basic_string@DU?$char_traits@D@std@@V?$allocator@D@2@@std@@ABVt_qualified_adv_object_type@@@Z	unique-hierarchy-method-and-slot-cleanup	39440	98c9b197d30ee4879e41522bd2f187d2de9bb87c32473713b7c62076ebe6eacb	class=t_object_factory_with_type<class t_adv_dwelling>;proof=unique-hierarchy-method-and-slot-cleanup;cleanup=8;checked-rtti-and-raw-slots;vft=5741fc,col=59eb40,offset=0,slot=0,entry=3f650;source=cht-1.x:39440;stable-assembly=1.000000
3f6c0	4343	?create@?$t_object_factory@Vt_random_adv_dwelling@@@@UBEPAVt_stationary_adventure_object@@ABV?$basic_string@DU?$char_traits@D@std@@V?$allocator@D@2@@std@@ABVt_qualified_adv_object_type@@@Z	unique-hierarchy-method-and-slot-cleanup	394b0	dc832078ea02f65cec902ab2c3e04f8af7ca0ca863e4636e876e9ffd840c19b9	class=t_object_factory<class t_random_adv_dwelling>;proof=unique-hierarchy-method-and-slot-cleanup;cleanup=8;checked-rtti-and-raw-slots;vft=574204,col=59eb90,offset=0,slot=0,entry=3f6c0;source=cht-1.x:394b0;stable-assembly=1.000000
41180	4545	?create@?$t_object_factory@Vt_adv_ferry@@@@UBEPAVt_stationary_adventure_object@@ABV?$basic_string@DU?$char_traits@D@std@@V?$allocator@D@2@@std@@ABVt_qualified_adv_object_type@@@Z	unique-hierarchy-method-and-slot-cleanup	3afd0	b3673d74a80f9ebb0b9f8de90a9e7133d37defc50833f85097b59abf11cb590e	class=t_object_factory<class t_adv_ferry>;proof=unique-hierarchy-method-and-slot-cleanup;cleanup=8;checked-rtti-and-raw-slots;vft=574744,col=59ee60,offset=0,slot=0,entry=41180;source=cht-1.x:3afd0;stable-assembly=1.000000
422b0	4599	?create@?$t_object_factory@Vt_adv_fountain@@@@UBEPAVt_stationary_adventure_object@@ABV?$basic_string@DU?$char_traits@D@std@@V?$allocator@D@2@@std@@ABVt_qualified_adv_object_type@@@Z	unique-hierarchy-method-and-slot-cleanup	3c090	cfce52da453a2705845f921b7f4b3dcda65a320e47fe414344ab285a5f7d5e19	class=t_object_factory<class t_adv_fountain>;proof=unique-hierarchy-method-and-slot-cleanup;cleanup=8;checked-rtti-and-raw-slots;vft=574a6c,col=59f018,offset=0,slot=0,entry=422b0;source=cht-1.x:3c090;stable-assembly=1.000000
42d20	4629	?create@?$t_object_factory@Vt_adv_garrison@@@@UBEPAVt_stationary_adventure_object@@ABV?$basic_string@DU?$char_traits@D@std@@V?$allocator@D@2@@std@@ABVt_qualified_adv_object_type@@@Z	unique-hierarchy-method-and-slot-cleanup	3c890	b5eb60cd1712568f1b8bdc95fe3802a7eb3ba3bf81e3bfc81f4c5b353f340a7b	class=t_object_factory<class t_adv_garrison>;proof=unique-hierarchy-method-and-slot-cleanup;cleanup=8;checked-rtti-and-raw-slots;vft=574c24,col=59f118,offset=0,slot=0,entry=42d20;source=cht-1.x:3c890;stable-assembly=1.000000
43990	4658	?create@?$t_object_factory_with_type@Vt_adv_keymaster_tent@@@@UBEPAVt_stationary_adventure_object@@ABV?$basic_string@DU?$char_traits@D@std@@V?$allocator@D@2@@std@@ABVt_qualified_adv_object_type@@@Z	unique-hierarchy-method-and-slot-cleanup	3d4c0	9c4f3e714f8c09e0079ea50ef4b8238ecc13d50bdeac4e7be123de35743b8e7b	class=t_object_factory_with_type<class t_adv_keymaster_tent>;proof=unique-hierarchy-method-and-slot-cleanup;cleanup=8;checked-rtti-and-raw-slots;vft=574e20,col=59f260,offset=0,slot=0,entry=43990;source=cht-1.x:3d4c0;stable-assembly=1.000000
44810	4717	?create@?$t_object_factory@Vt_adv_mages_chest@@@@UBEPAVt_stationary_adventure_object@@ABV?$basic_string@DU?$char_traits@D@std@@V?$allocator@D@2@@std@@ABVt_qualified_adv_object_type@@@Z	unique-hierarchy-method-and-slot-cleanup	3e320	c89837dea6e62dbcafc245e3779f7670fb8a9f4983853a19bcf9534a6c6ca043	class=t_object_factory<class t_adv_mages_chest>;proof=unique-hierarchy-method-and-slot-cleanup;cleanup=8;checked-rtti-and-raw-slots;vft=574fd4,col=59f368,offset=0,slot=0,entry=44810;source=cht-1.x:3e320;stable-assembly=1.000000
44e60	4750	?create@?$t_object_factory@Vt_adv_magi_eye@@@@UBEPAVt_stationary_adventure_object@@ABV?$basic_string@DU?$char_traits@D@std@@V?$allocator@D@2@@std@@ABVt_qualified_adv_object_type@@@Z	unique-hierarchy-method-and-slot-cleanup	3e970	782c7fa6f749047f44ec66a1caa64785950ffa259a58e5b2909fd513931d02b9	class=t_object_factory<class t_adv_magi_eye>;proof=unique-hierarchy-method-and-slot-cleanup;cleanup=8;checked-rtti-and-raw-slots;vft=57565c,col=59f780,offset=0,slot=0,entry=44e60;source=cht-1.x:3e970;stable-assembly=1.000000
458f0	4775	?create@?$t_object_factory_with_type@Vt_adv_magic_gem@@@@UBEPAVt_stationary_adventure_object@@ABV?$basic_string@DU?$char_traits@D@std@@V?$allocator@D@2@@std@@ABVt_qualified_adv_object_type@@@Z	unique-hierarchy-method-and-slot-cleanup	3f3e0	75592902d4f1880c596c573e949304180557ff545666a0cc2a8d14551db37380	class=t_object_factory_with_type<class t_adv_magic_gem>;proof=unique-hierarchy-method-and-slot-cleanup;cleanup=8;checked-rtti-and-raw-slots;vft=575804,col=59f880,offset=0,slot=0,entry=458f0;source=cht-1.x:3f3e0;stable-assembly=1.000000
467b0	4798	?create@?$t_object_factory@Vt_adv_mana_vortex@@@@UBEPAVt_stationary_adventure_object@@ABV?$basic_string@DU?$char_traits@D@std@@V?$allocator@D@2@@std@@ABVt_qualified_adv_object_type@@@Z	unique-hierarchy-method-and-slot-cleanup	40240	8a891b7006f39c78df8c27e9f68552121125be02cea3326c20060eac2cc3ac7f	class=t_object_factory<class t_adv_mana_vortex>;proof=unique-hierarchy-method-and-slot-cleanup;cleanup=8;checked-rtti-and-raw-slots;vft=5759ac,col=59f980,offset=0,slot=0,entry=467b0;source=cht-1.x:40240;stable-assembly=1.000000
4a5e0	4972	?create@?$t_object_factory@Vt_adv_obelisk@@@@UBEPAVt_stationary_adventure_object@@ABV?$basic_string@DU?$char_traits@D@std@@V?$allocator@D@2@@std@@ABVt_qualified_adv_object_type@@@Z	unique-hierarchy-method-and-slot-cleanup	43e50	386f773da20d9e8dc8ea8a062e14fc53fb8809de27caf2348a3df7c5cdf22857	class=t_object_factory<class t_adv_obelisk>;proof=unique-hierarchy-method-and-slot-cleanup;cleanup=8;checked-rtti-and-raw-slots;vft=576220,col=59fe90,offset=0,slot=0,entry=4a5e0;source=cht-1.x:43e50;stable-assembly=1.000000
4a7d0	4979	?create@?$t_object_factory@Vt_adv_object_deletion_marker@@@@UBEPAVt_stationary_adventure_object@@ABV?$basic_string@DU?$char_traits@D@std@@V?$allocator@D@2@@std@@ABVt_qualified_adv_object_type@@@Z	unique-hierarchy-method-and-slot-cleanup	44040	0f688a5de3a2b417c344ef50a854171352ec78a42da3ded0a243c277d9e00607	class=t_object_factory<class t_adv_object_deletion_marker>;proof=unique-hierarchy-method-and-slot-cleanup;cleanup=8;checked-rtti-and-raw-slots;vft=5763cc,col=59ff90,offset=0,slot=0,entry=4a7d0;source=cht-1.x:44040;stable-assembly=1.000000
67810	5659	?create@?$t_object_factory@Vt_adv_ocean_bottle@@@@UBEPAVt_stationary_adventure_object@@ABV?$basic_string@DU?$char_traits@D@std@@V?$allocator@D@2@@std@@ABVt_qualified_adv_object_type@@@Z	unique-hierarchy-method-and-slot-cleanup	60070	e95aa5d09b45dd0c40afe09682c401d775fd01347163f26e646444c565d8d5d5	class=t_object_factory<class t_adv_ocean_bottle>;proof=unique-hierarchy-method-and-slot-cleanup;cleanup=8;checked-rtti-and-raw-slots;vft=5768b4,col=5a05e0,offset=0,slot=0,entry=67810;source=cht-1.x:60070;stable-assembly=1.000000
6ada0	5752	?create@?$t_object_factory@Vt_adv_shipyard@@@@UBEPAVt_stationary_adventure_object@@ABV?$basic_string@DU?$char_traits@D@std@@V?$allocator@D@2@@std@@ABVt_qualified_adv_object_type@@@Z	unique-hierarchy-method-and-slot-cleanup	633c0	643eb41fdf51b85ee81083ee3baf49ce1f2d9f4db9e1e0e4edaed44e96c2829a	class=t_object_factory<class t_adv_shipyard>;proof=unique-hierarchy-method-and-slot-cleanup;cleanup=8;checked-rtti-and-raw-slots;vft=576f74,col=5a0a08,offset=0,slot=0,entry=6ada0;source=cht-1.x:633c0;stable-assembly=1.000000
6d280	5824	?create@?$t_object_factory_with_type@Vt_adv_shrine@@@@UBEPAVt_stationary_adventure_object@@ABV?$basic_string@DU?$char_traits@D@std@@V?$allocator@D@2@@std@@ABVt_qualified_adv_object_type@@@Z	unique-hierarchy-method-and-slot-cleanup	65910	be0edadc83cea65b881bac201950ad4131194c28044f0904c36ef8413a02eccd	class=t_object_factory_with_type<class t_adv_shrine>;proof=unique-hierarchy-method-and-slot-cleanup;cleanup=8;checked-rtti-and-raw-slots;vft=577124,col=5a0b10,offset=0,slot=0,entry=6d280;source=cht-1.x:65910;stable-assembly=1.000000
6f660	5978	?create@?$t_object_factory@Vt_adv_subterranean_gate@@@@UBEPAVt_stationary_adventure_object@@ABV?$basic_string@DU?$char_traits@D@std@@V?$allocator@D@2@@std@@ABVt_qualified_adv_object_type@@@Z	unique-hierarchy-method-and-slot-cleanup	67a30	1f398d3a0c0fe62ee933934f1128a3b9e8230539e84e7d935deac1458632fdf0	class=t_object_factory<class t_adv_subterranean_gate>;proof=unique-hierarchy-method-and-slot-cleanup;cleanup=8;checked-rtti-and-raw-slots;vft=5777cc,col=5a0f00,offset=0,slot=0,entry=6f660;source=cht-1.x:67a30;stable-assembly=1.000000
75890	6165	?create@?$t_object_factory@Vt_adv_treasure_chest@@@@UBEPAVt_stationary_adventure_object@@ABV?$basic_string@DU?$char_traits@D@std@@V?$allocator@D@2@@std@@ABVt_qualified_adv_object_type@@@Z	unique-hierarchy-method-and-slot-cleanup	6dc40	57e0d29268c38efe031e1d923f967f4188c42f3be673cd1563e4d0e4a782d0c8	class=t_object_factory<class t_adv_treasure_chest>;proof=unique-hierarchy-method-and-slot-cleanup;cleanup=8;checked-rtti-and-raw-slots;vft=578514,col=5a1720,offset=0,slot=0,entry=75890;source=cht-1.x:6dc40;stable-assembly=1.000000
77b60	6262	??R?$t_bound_handler_1@Vt_adv_whirlpool@@PAVt_army@@@@UAEXPAVt_army@@@Z	unique-hierarchy-method-and-slot-cleanup	6ff50	f9aecea521c957b6698d1670294b8aa8c35134ba9a6155498c2565029462a584	class=t_bound_handler_1<class t_adv_whirlpool, class t_army *>;proof=unique-hierarchy-method-and-slot-cleanup;cleanup=4;checked-rtti-and-raw-slots;vft=578a1c,col=5a1a40,offset=8,slot=1,entry=77b60;source=cht-1.x:6ff50;stable-assembly=1.000000
78bb0	6304	?create@?$t_object_factory@Vt_adv_windmill@@@@UBEPAVt_stationary_adventure_object@@ABV?$basic_string@DU?$char_traits@D@std@@V?$allocator@D@2@@std@@ABVt_qualified_adv_object_type@@@Z	unique-hierarchy-method-and-slot-cleanup	70f60	974ae9cc32f39f4fab7ac1a2a9faa5ad13c4d2981ad5da1740f2a90ef4a1dfac	class=t_object_factory<class t_adv_windmill>;proof=unique-hierarchy-method-and-slot-cleanup;cleanup=8;checked-rtti-and-raw-slots;vft=578a44,col=5a1b18,offset=0,slot=0,entry=78bb0;source=cht-1.x:70f60;stable-assembly=1.000000
9a930	8288	?write@t_adventure_event_look_trigger@@UAE_NAAV?$basic_streambuf@DU?$char_traits@D@std@@@std@@@Z	unique-hierarchy-method-and-slot-cleanup	91920	a12bdfed8ca9deb1a28bdf455bbeb87eb090234805b54d2749f12e94291cf1fa	class=t_adventure_event_look_trigger;proof=unique-hierarchy-method-and-slot-cleanup;cleanup=4;checked-rtti-and-raw-slots;vft=5790fc,col=5a2a08,offset=0,slot=7,entry=9a930;source=cht-1.x:91920;stable-assembly=1.000000
9b1c0	8302	?write@t_adventure_event_mover@@UAE_NAAV?$basic_streambuf@DU?$char_traits@D@std@@@std@@@Z	unique-hierarchy-method-and-slot-cleanup	921a0	d446f359f01c6c50c79ffbe922fc20adaaa5d385d2ea4bf266f32cfa091ac468	class=t_adventure_event_mover;proof=unique-hierarchy-method-and-slot-cleanup;cleanup=4;checked-rtti-and-raw-slots;vft=57913c,col=5a2a78,offset=0,slot=7,entry=9b1c0;source=cht-1.x:921a0;stable-assembly=1.000000
9b990	8324	?write@t_adventure_event_place@@UAE_NAAV?$basic_streambuf@DU?$char_traits@D@std@@@std@@@Z	unique-hierarchy-method-and-slot-cleanup	92920	2241787163aa604ac0d6cc2b2e6cfc076dfd191c5d3d18b931f8fa3235c41efb	class=t_adventure_event_place;proof=unique-hierarchy-method-and-slot-cleanup;cleanup=4;checked-rtti-and-raw-slots;vft=57917c,col=5a2ae8,offset=0,slot=7,entry=9b990;source=cht-1.x:92920;stable-assembly=1.000000
9c970	8373	?write@t_adventure_event_set_action@@UAE_NAAV?$basic_streambuf@DU?$char_traits@D@std@@@std@@@Z	unique-hierarchy-method-and-slot-cleanup	936a0	540f22ad2477a78bc3df227ac5a5258adebb14993ad69fd6367349f3376b38af	class=t_adventure_event_set_action;proof=unique-hierarchy-method-and-slot-cleanup;cleanup=4;checked-rtti-and-raw-slots;vft=579244,col=5a2c38,offset=0,slot=7,entry=9c970;source=cht-1.x:936a0;stable-assembly=1.000000
9cd60	8385	?write@t_adventure_event_set_owner@@UAE_NAAV?$basic_streambuf@DU?$char_traits@D@std@@@std@@@Z	unique-hierarchy-method-and-slot-cleanup	93ab0	de410fcbb99cc5bf86921c90b9f85f893782c59e5110489c255db3ccafe62fbd	class=t_adventure_event_set_owner;proof=unique-hierarchy-method-and-slot-cleanup;cleanup=4;checked-rtti-and-raw-slots;vft=579284,col=5a2ca8,offset=0,slot=7,entry=9cd60;source=cht-1.x:93ab0;stable-assembly=1.000000
9d810	8413	?write@t_adventure_event_teleport@@UAE_NAAV?$basic_streambuf@DU?$char_traits@D@std@@@std@@@Z	unique-hierarchy-method-and-slot-cleanup	94560	2a4935cba1b9d67c7559eecca60cc4e79e660ab5f6207cce5b62fc3e341f6a53	class=t_adventure_event_teleport;proof=unique-hierarchy-method-and-slot-cleanup;cleanup=4;checked-rtti-and-raw-slots;vft=579304,col=5a2d88,offset=0,slot=7,entry=9d810;source=cht-1.x:94560;stable-assembly=1.000000
9ed20	8435	?write@t_adventure_event_visiblity@@UAE_NAAV?$basic_streambuf@DU?$char_traits@D@std@@@std@@@Z	unique-hierarchy-method-and-slot-cleanup	95140	be3585bec416908053ff89a185739300f6cce2b5de521f7d2e08f9a95ba4caf3	class=t_adventure_event_visiblity;proof=unique-hierarchy-method-and-slot-cleanup;cleanup=4;checked-rtti-and-raw-slots;vft=5793c4,col=5a2ed8,offset=0,slot=7,entry=9ed20;source=cht-1.x:95140;stable-assembly=1.000000
154890	15475	??Rt_vampirism@?%C:\work\game\attack.cpp918729843@@UAEXPAVt_window@@@Z	unique-hierarchy-method-and-slot-cleanup	13c390	ad36b8a38e02026135e4b68e95b3ff65a05735b7a438657b277c51226d37b6c6	class=?%C:\work\game\attack.cpp918729843::t_vampirism;proof=unique-hierarchy-method-and-slot-cleanup;cleanup=4;checked-rtti-and-raw-slots;vft=57c7b8,col=5a8320,offset=8,slot=1,entry=154890;source=cht-1.x:13c390;stable-assembly=1.000000
180820	17149	??R?$t_add_2nd_handler_1@AAVt_combat_creature@@Ut_map_point_3d@@@@UAEXAAVt_combat_creature@@@Z	unique-hierarchy-method-and-slot-cleanup	164860	56addc9a90f7f6d83f525f6eedd8c0de1a430d5c72b12cb325216134479eb659	class=t_add_2nd_handler_1<class t_combat_creature &, struct t_map_point_3d>;proof=unique-hierarchy-method-and-slot-cleanup;cleanup=4;checked-rtti-and-raw-slots;vft=57ce08,col=5a9940,offset=8,slot=1,entry=180820;source=cht-1.x:164860;stable-assembly=1.000000
185ab0	17603	?get_row_bounds@t_impl@t_battlefield_terrain_map@@UBEXHAAH0@Z	unique-hierarchy-method-and-slot-cleanup	1688e0	bf52e138137d0c81b436cc93b3823f625ae9bafe0bad2ae3669dfc818ba18327	class=t_battlefield_terrain_map::t_impl;proof=unique-hierarchy-method-and-slot-cleanup;cleanup=12;checked-rtti-and-raw-slots;vft=57d144,col=5aa9c8,offset=0,slot=1,entry=185ab0;source=cht-1.x:1688e0;stable-assembly=1.000000
18c220	17918	?write@t_beastmaster_hut@@UBE_NAAV?$basic_streambuf@DU?$char_traits@D@std@@@std@@@Z	reviewed-identity-and-runtime-vftable	16e9c0	70483a48055375cc541683d497f24c41a6dd71d1c15a919ddd1a31926ddf9590	class=t_beastmaster_hut;proof=reviewed-identity-and-runtime-vftable;cleanup=4;checked-rtti-and-raw-slots;vft=57d31c,col=5aacf0,offset=0,slot=44,entry=18c220;manual-review=R05;source=cht-1.x:16e9c0;stable-assembly=1.000000
210000	21582	?create@?$t_combat_object_factory@Vt_castle_gate@@@@UBEPAVt_combat_saveable_object@@AAVt_battlefield@@@Z	unique-hierarchy-method-and-slot-cleanup	1de070	f93401dbef7f373f46beda2a55ec7fcb821751ea64e4e49659c8a0b9feccd06c	class=t_combat_object_factory<class t_castle_gate>;proof=unique-hierarchy-method-and-slot-cleanup;cleanup=4;checked-rtti-and-raw-slots;vft=582bdc,col=5af140,offset=0,slot=0,entry=210000;source=cht-1.x:1de070;stable-assembly=1.000000
210150	21588	?create@?$t_combat_object_factory@Vt_compound_object@@@@UBEPAVt_combat_saveable_object@@AAVt_battlefield@@@Z	unique-hierarchy-method-and-slot-cleanup	1de1c0	56aa32c4fbbefb8a135623b53b1255653774be7a2e920ceea37d24dac0e92876	class=t_combat_object_factory<class t_compound_object>;proof=unique-hierarchy-method-and-slot-cleanup;cleanup=4;checked-rtti-and-raw-slots;vft=582bf4,col=5af230,offset=0,slot=0,entry=210150;source=cht-1.x:1de1c0;stable-assembly=1.000000
2101b0	21590	?create@?$t_combat_object_factory@Vt_quicksand@@@@UBEPAVt_combat_saveable_object@@AAVt_battlefield@@@Z	unique-hierarchy-method-and-slot-cleanup	1de220	60b44aa1fc4da3dd2d8a06aebd6114f521afe114fa4c7c8cb2965c93bf6a2c14	class=t_combat_object_factory<class t_quicksand>;proof=unique-hierarchy-method-and-slot-cleanup;cleanup=4;checked-rtti-and-raw-slots;vft=582bfc,col=5af280,offset=0,slot=0,entry=2101b0;source=cht-1.x:1de220;stable-assembly=0.961538
216b50	21718	?create@t_incapacitation_factory@?%C:\work\game\combat_spell_single_target.cpp3120931090@@UBEPAVt_combat_spell@@AAVt_battlefield@@W4t_spell@@@Z	unique-hierarchy-method-and-slot-cleanup	1e3b30	d8a94b32c51755290ca8ace8b2fba355a1ac0f0a56cdea2599de7b5ab7808cf4	class=?%C:\work\game\combat_spell_single_target.cpp3120931090::t_incapacitation_factory;proof=unique-hierarchy-method-and-slot-cleanup;cleanup=8;checked-rtti-and-raw-slots;vft=582ee4,col=5afa40,offset=0,slot=0,entry=216b50;source=cht-1.x:1e3b30;stable-assembly=0.975610
21f840	21835	?create@t_ward_factory@?%C:\work\game\combat_spell_single_target.cpp3120931090@@UBEPAVt_combat_spell@@AAVt_battlefield@@W4t_spell@@@Z	unique-hierarchy-method-and-slot-cleanup	1ec510	5f841318c2ccbb1c996e55c5ec31b838fcc862cb3d3b8770eae8c7ddec52ecf3	class=?%C:\work\game\combat_spell_single_target.cpp3120931090::t_ward_factory;proof=unique-hierarchy-method-and-slot-cleanup;cleanup=8;checked-rtti-and-raw-slots;vft=5832e8,col=5b0b10,offset=0,slot=0,entry=21f840;source=cht-1.x:1ec510;stable-assembly=0.975610
221390	22053	?create@?$t_spell_factory@Vt_spell_toughness@?%C:\work\game\combat_spell_single_target.cpp3120931090@@@@UBEPAVt_combat_spell@@AAVt_battlefield@@W4t_spell@@@Z	unique-hierarchy-method-and-slot-cleanup	1ee060	f1d04cd78326ea3b7a068f3e9b7b266532a55ec7ec6c86e6d4cf8d4589008fb7	class=t_spell_factory<class ?%C:\work\game\combat_spell_single_target.cpp3120931090::t_spell_toughness>;proof=unique-hierarchy-method-and-slot-cleanup;cleanup=8;checked-rtti-and-raw-slots;vft=582f74,col=5afcc8,offset=0,slot=0,entry=221390;source=cht-1.x:1ee060;stable-assembly=1.000000
226330	22345	?execute@t_combat_user_action_move@?%C:\work\game\combat_user_action.cpp2954624106@@UBEXAAVt_battlefield@@@Z	unique-hierarchy-method-and-slot-cleanup	1f2700	2d2d8b1cffceeb9ec1ee0a544c482bc4cdf5105540b3c2f820ad7eb645c423fd	class=?%C:\work\game\combat_user_action.cpp2954624106::t_combat_user_action_move;proof=unique-hierarchy-method-and-slot-cleanup;cleanup=4;checked-rtti-and-raw-slots;vft=584250,col=5b1e80,offset=0,slot=1,entry=226330;source=cht-1.x:1f2700;stable-assembly=1.000000
226360	22347	?get_cursor@t_combat_user_action_move@?%C:\work\game\combat_user_action.cpp2954624106@@UAEPAVt_mouse_window@@AAVt_battlefield@@AAV?$basic_string@DU?$char_traits@D@std@@V?$allocator@D@2@@std@@@Z	unique-hierarchy-method-and-slot-cleanup	1f2730	a3162582a7eb72935d2258d92da07fbe2c1784d2c9af6ba4f7b23cfed31a6dd3	class=?%C:\work\game\combat_user_action.cpp2954624106::t_combat_user_action_move;proof=unique-hierarchy-method-and-slot-cleanup;cleanup=8;checked-rtti-and-raw-slots;vft=584250,col=5b1e80,offset=0,slot=3,entry=226360;source=cht-1.x:1f2730;stable-assembly=1.000000
226e80	22355	?get_cursor@t_combat_user_action_ranged@?%C:\work\game\combat_user_action.cpp2954624106@@UAEPAVt_mouse_window@@AAVt_battlefield@@AAV?$basic_string@DU?$char_traits@D@std@@V?$allocator@D@2@@std@@@Z	unique-hierarchy-method-and-slot-cleanup	1f31d0	04dca755b87dd031ba0c15084479cc8307e3345dd2f15cd0c4bfee9054cece91	class=?%C:\work\game\combat_user_action.cpp2954624106::t_combat_user_action_ranged;proof=unique-hierarchy-method-and-slot-cleanup;cleanup=8;checked-rtti-and-raw-slots;vft=584278,col=5b1f20,offset=0,slot=3,entry=226e80;source=cht-1.x:1f31d0;stable-assembly=1.000000
302000	25610	?create@?$t_icon_window_factory@Vt_flagged_icon_window@?%C:\work\game\dialog_view_world.cpp2665922054@@@?%C:\work\game\dialog_view_world.cpp2665922054@@UBE?AV?$t_counted_ptr@Vt_window@@@@ABUt_screen_point@@PAVt_window@@W4t_player_color@@@Z	unique-hierarchy-method-and-slot-cleanup	296600	902c8ff86ce0a0163d22f963586d68257ca95d3135920cb6116d67b2b59a2e5e	class=?%C:\work\game\dialog_view_world.cpp2665922054::t_icon_window_factory<class ?%C:\work\game\dialog_view_world.cpp2665922054::t_flagged_icon_window>;proof=unique-hierarchy-method-and-slot-cleanup;cleanup=16;checked-rtti-and-raw-slots;vft=587e7c,col=5b7c80,offset=0,slot=0,entry=302000;source=cht-1.x:296600;stable-assembly=0.974359
3052f0	25750	?get_bitmap@t_direct_paint_surface@@UAE?AV?$t_shared_ptr@V?$t_abstract_bitmap@G@@@@XZ	unique-hierarchy-method-and-slot-cleanup	299270	d2bbd55d6bcd594ccd75eced826182b91f00a453bb31f16c75b6e53448f67654	class=t_direct_paint_surface;proof=unique-hierarchy-method-and-slot-cleanup;cleanup=4;checked-rtti-and-raw-slots;vft=587fbc,col=5b8138,offset=0,slot=3,entry=3052f0;source=cht-1.x:299270;stable-assembly=0.986301
3053e0	25751	?copy_buffer@t_direct_paint_surface@@UAEXXZ	unique-hierarchy-method-and-slot-cleanup	299360	693ee95b608bea5a3c2da2345e8212d8f583fcdce370af22f8b6d38b2a29ad1d	class=t_direct_paint_surface;proof=unique-hierarchy-method-and-slot-cleanup;cleanup=0;checked-rtti-and-raw-slots;vft=587fbc,col=5b8138,offset=0,slot=1,entry=3053e0;source=cht-1.x:299360;stable-assembly=1.000000
311340	25871	?on_rects_dirtied@t_entire_map_bitmap_creater@?%C:\work\game\dump_entire_map_image.cpp1361229852@@EAEXABV?$vector@Ut_screen_rect@@V?$allocator@Ut_screen_rect@@@std@@@std@@@Z	unique-hierarchy-method-and-slot-cleanup	2a4fb0	77fd071d7aa8fdf07a7416bbbfc791ef5d4d214dbac69835dd730f06c59e1935	class=?%C:\work\game\dump_entire_map_image.cpp1361229852::t_entire_map_bitmap_creater;proof=unique-hierarchy-method-and-slot-cleanup;cleanup=4;checked-rtti-and-raw-slots;vft=58822c,col=5b8420,offset=0,slot=1,entry=311340;source=cht-1.x:2a4fb0;stable-assembly=1.000000
316100	26083	?create@?$t_spell_factory@Vt_fire_ring@@@@UBEPAVt_combat_spell@@AAVt_battlefield@@W4t_spell@@@Z	unique-hierarchy-method-and-slot-cleanup	2a90b0	080b5ab0a1c827c9185bd20531b6f2c8f91a17c91cfcaf885e63685a059e2f95	class=t_spell_factory<class t_fire_ring>;proof=unique-hierarchy-method-and-slot-cleanup;cleanup=8;checked-rtti-and-raw-slots;vft=5882ac,col=5b8590,offset=0,slot=0,entry=316100;source=cht-1.x:2a90b0;stable-assembly=1.000000
31a5b0	26237	?create@?$t_spell_factory@Vt_armageddon@?%C:\work\game\fireball.cpp1980031579@@@@UBEPAVt_combat_spell@@AAVt_battlefield@@W4t_spell@@@Z	unique-hierarchy-method-and-slot-cleanup	2ad760	f09a0df7f540b52e8ec4dab39f9241b4ca7cb85b17b0b3926f7fad052f6dbc7e	class=t_spell_factory<class ?%C:\work\game\fireball.cpp1980031579::t_armageddon>;proof=unique-hierarchy-method-and-slot-cleanup;cleanup=8;checked-rtti-and-raw-slots;vft=5883cc,col=5b87f0,offset=0,slot=0,entry=31a5b0;source=cht-1.x:2ad760;stable-assembly=0.984848
322e80	26681	?create@?$t_object_factory@Vt_gateway@@@@UBEPAVt_stationary_adventure_object@@ABV?$basic_string@DU?$char_traits@D@std@@V?$allocator@D@2@@std@@ABVt_qualified_adv_object_type@@@Z	unique-hierarchy-method-and-slot-cleanup	2b5f30	aa1c8d4e58c35d148dd8888df64f24dbc3183059afef60879ff416b36e1d64f5	class=t_object_factory<class t_gateway>;proof=unique-hierarchy-method-and-slot-cleanup;cleanup=8;checked-rtti-and-raw-slots;vft=5888dc,col=5b9350,offset=0,slot=0,entry=322e80;source=cht-1.x:2b5f30;stable-assembly=1.000000
35bc80	28167	?create@?$t_object_factory@Vt_library@@@@UBEPAVt_stationary_adventure_object@@ABV?$basic_string@DU?$char_traits@D@std@@V?$allocator@D@2@@std@@ABVt_qualified_adv_object_type@@@Z	unique-hierarchy-method-and-slot-cleanup	2eaf90	7e9689caf41592a88df5cf40c3e5e67280ee5cac9c0a927bf6314174b2116b5e	class=t_object_factory<class t_library>;proof=unique-hierarchy-method-and-slot-cleanup;cleanup=8;checked-rtti-and-raw-slots;vft=58a9e4,col=5baac8,offset=0,slot=0,entry=35bc80;source=cht-1.x:2eaf90;stable-assembly=1.000000
35c4c0	28209	?create@?$t_object_factory@Vt_lighthouse@@@@UBEPAVt_stationary_adventure_object@@ABV?$basic_string@DU?$char_traits@D@std@@V?$allocator@D@2@@std@@ABVt_qualified_adv_object_type@@@Z	unique-hierarchy-method-and-slot-cleanup	2eb790	aa0ba87a90df471ac4195db08d9a040fcda35838b758f515a4fd5ec470f41425	class=t_object_factory<class t_lighthouse>;proof=unique-hierarchy-method-and-slot-cleanup;cleanup=8;checked-rtti-and-raw-slots;vft=58ab9c,col=5babe8,offset=0,slot=0,entry=35c4c0;source=cht-1.x:2eb790;stable-assembly=1.000000
37a150	28847	?create@?$t_object_factory@Vt_mana_source@@@@UBEPAVt_stationary_adventure_object@@ABV?$basic_string@DU?$char_traits@D@std@@V?$allocator@D@2@@std@@ABVt_qualified_adv_object_type@@@Z	unique-hierarchy-method-and-slot-cleanup	302fc0	cea48656302382ac2ab661353f4a99735d02ea794093de99ae48beb46a8a759d	class=t_object_factory<class t_mana_source>;proof=unique-hierarchy-method-and-slot-cleanup;cleanup=8;checked-rtti-and-raw-slots;vft=58bc70,col=5bc070,offset=0,slot=0,entry=37a150;source=cht-1.x:302fc0;stable-assembly=1.000000
37ad10	28853	?get_size@t_adventure_map_adapter@t_adventure_metatile_map@?%C:\work\game\map_renderer.cpp259823810@@UBEXAAH0@Z	unique-hierarchy-method-and-slot-cleanup	303ae0	4ee311b165575bfae6212baea6cb3b54708b5ae172a681f441394b6992f9dff2	class=?%C:\work\game\map_renderer.cpp259823810::t_adventure_metatile_map::t_adventure_map_adapter;proof=unique-hierarchy-method-and-slot-cleanup;cleanup=8;checked-rtti-and-raw-slots;vft=58be6c,col=5bc3b8,offset=0,slot=0,entry=37ad10;source=cht-1.x:303ae0;stable-assembly=1.000000
37ad40	28854	?get_row_bounds@t_adventure_map_adapter@t_adventure_metatile_map@?%C:\work\game\map_renderer.cpp259823810@@UBEXHAAH0@Z	unique-hierarchy-method-and-slot-cleanup	303b10	9232a6a2bb87231f17324518a9eceff92189fd3d10d138d846f8cd4c6787da0b	class=?%C:\work\game\map_renderer.cpp259823810::t_adventure_metatile_map::t_adventure_map_adapter;proof=unique-hierarchy-method-and-slot-cleanup;cleanup=12;checked-rtti-and-raw-slots;vft=58be6c,col=5bc3b8,offset=0,slot=1,entry=37ad40;source=cht-1.x:303b10;stable-assembly=1.000000
38c5c0	29424	?create@?$t_spell_factory@Vt_spell_martyr@@@@UBEPAVt_combat_spell@@AAVt_battlefield@@W4t_spell@@@Z	unique-hierarchy-method-and-slot-cleanup	314270	f47083aefe4eddd0665e9411a429e0515391615086afabc9c64563cae6b8eff5	class=t_spell_factory<class t_spell_martyr>;proof=unique-hierarchy-method-and-slot-cleanup;cleanup=8;checked-rtti-and-raw-slots;vft=58be9c,col=5bc510,offset=0,slot=0,entry=38c5c0;source=cht-1.x:314270;stable-assembly=1.000000
38fb20	29568	?create@?$t_spell_factory@Vt_life_drain@?%C:\work\game\mass_spell.cpp2055018784@@@@UBEPAVt_combat_spell@@AAVt_battlefield@@W4t_spell@@@Z	unique-hierarchy-method-and-slot-cleanup	317380	aea9653ecf66075044636e0b7aa4977fb0049a7d29aab916ca3b98760a40e01b	class=t_spell_factory<class ?%C:\work\game\mass_spell.cpp2055018784::t_life_drain>;proof=unique-hierarchy-method-and-slot-cleanup;cleanup=8;checked-rtti-and-raw-slots;vft=58c108,col=5bca10,offset=0,slot=0,entry=38fb20;source=cht-1.x:317380;stable-assembly=1.000000
391ee0	29612	?create@?$t_object_factory@Vt_random_material_pile@@@@UBEPAVt_stationary_adventure_object@@ABV?$basic_string@DU?$char_traits@D@std@@V?$allocator@D@2@@std@@ABVt_qualified_adv_object_type@@@Z	unique-hierarchy-method-and-slot-cleanup	3196b0	a39d8cb9b291cc9ff131641e16a411f95da985d07656fbcd604df4b66b932dfc	class=t_object_factory<class t_random_material_pile>;proof=unique-hierarchy-method-and-slot-cleanup;cleanup=8;checked-rtti-and-raw-slots;vft=58c3d4,col=5bce38,offset=0,slot=0,entry=391ee0;source=cht-1.x:3196b0;stable-assembly=1.000000
39e6a0	30030	?create@?$t_object_factory@Vt_mine@@@@UBEPAVt_stationary_adventure_object@@ABV?$basic_string@DU?$char_traits@D@std@@V?$allocator@D@2@@std@@ABVt_qualified_adv_object_type@@@Z	unique-hierarchy-method-and-slot-cleanup	3255b0	9b0ba3be3ad5ba3dae9abee6ebf6540ba09c8cc4ba894cf1223fe8b3b9bd262a	class=t_object_factory<class t_mine>;proof=unique-hierarchy-method-and-slot-cleanup;cleanup=8;checked-rtti-and-raw-slots;vft=58cbd8,col=5bd4b8,offset=0,slot=0,entry=39e6a0;source=cht-1.x:3255b0;stable-assembly=1.000000
39e710	30032	?create@?$t_object_factory@Vt_adv_vein@@@@UBEPAVt_stationary_adventure_object@@ABV?$basic_string@DU?$char_traits@D@std@@V?$allocator@D@2@@std@@ABVt_qualified_adv_object_type@@@Z	unique-hierarchy-method-and-slot-cleanup	325620	1c8c81d64fcfd60fa7045925ec2cc4990793df67cc0bb83faa47362ab88a6078	class=t_object_factory<class t_adv_vein>;proof=unique-hierarchy-method-and-slot-cleanup;cleanup=8;checked-rtti-and-raw-slots;vft=58cbe0,col=5bd508,offset=0,slot=0,entry=39e710;source=cht-1.x:325620;stable-assembly=1.000000
39f4a0	30081	?on_pixel_masks_changed@t_terrain_color_table_maintainer@?%C:\work\game\mini_map_renderer.cpp1970229622@@EAEXXZ	unique-hierarchy-method-and-slot-cleanup	326410	3731d3d09f62d84fc3372b5a5b1c426ae45eeb68972ee0f9165607b56cd03c95	class=?%C:\work\game\mini_map_renderer.cpp1970229622::t_terrain_color_table_maintainer;proof=unique-hierarchy-method-and-slot-cleanup;cleanup=0;checked-rtti-and-raw-slots;vft=58cfc0,col=5bd768,offset=0,slot=1,entry=39f4a0;source=cht-1.x:326410;stable-assembly=0.966102
3a4020	30366	?read@t_mp3_stream@@UAEHPAXK@Z	unique-hierarchy-method-and-slot-cleanup	32ad40	33b10943418af2b7eb830a0fa6d43a1c37a6429f1c24b30611d21ceb7fd43aec	class=t_mp3_stream;proof=unique-hierarchy-method-and-slot-cleanup;cleanup=8;checked-rtti-and-raw-slots;vft=58d21c,col=5bdb08,offset=0,slot=1,entry=3a4020;source=cht-1.x:32ad40;stable-assembly=1.000000
3c6bd0	30933	?create@?$t_object_factory@Vt_adv_obelisk_marker@@@@UBEPAVt_stationary_adventure_object@@ABV?$basic_string@DU?$char_traits@D@std@@V?$allocator@D@2@@std@@ABVt_qualified_adv_object_type@@@Z	unique-hierarchy-method-and-slot-cleanup	347410	c337138f4ba30f1165aa306a5ebcbd591b7e40ff202b44f489293277ed2a7773	class=t_object_factory<class t_adv_obelisk_marker>;proof=unique-hierarchy-method-and-slot-cleanup;cleanup=8;checked-rtti-and-raw-slots;vft=58d734,col=5be8a0,offset=0,slot=0,entry=3c6bd0;source=cht-1.x:347410;stable-assembly=1.000000
3c7ff0	31029	?create@?$t_object_factory@Vt_stationary_adventure_object@@@@UBEPAVt_stationary_adventure_object@@ABV?$basic_string@DU?$char_traits@D@std@@V?$allocator@D@2@@std@@ABVt_qualified_adv_object_type@@@Z	unique-hierarchy-method-and-slot-cleanup	348800	0877ff6acaec9b5963529d6536538274df77a37534d5e2dc7d5c1f3e7ba22fdb	class=t_object_factory<class t_stationary_adventure_object>;proof=unique-hierarchy-method-and-slot-cleanup;cleanup=8;checked-rtti-and-raw-slots;vft=58d93c,col=5beaa0,offset=0,slot=0,entry=3c7ff0;source=cht-1.x:348800;stable-assembly=1.000000
3cc3c0	31151	?draw_to@t_overlay_adv_object_subimage@@UBEXHABUt_screen_rect@@AAV?$t_abstract_bitmap@G@@ABUt_screen_point@@H@Z	unique-hierarchy-method-and-slot-cleanup	34c5e0	dcedf73e37337d0592b22e2a09ae3ce48463ea5bba75d882353d3516d79e5ed1	class=t_overlay_adv_object_subimage;proof=unique-hierarchy-method-and-slot-cleanup;cleanup=20;checked-rtti-and-raw-slots;vft=58df18,col=5bf318,offset=0,slot=6,entry=3cc3c0;source=cht-1.x:34c5e0;stable-assembly=1.000000
3cc470	31152	?draw_to@t_overlay_adv_object_subimage@@UBEXHAAV?$t_abstract_bitmap@G@@ABUt_screen_point@@@Z	unique-hierarchy-method-and-slot-cleanup	34c690	81dc999cefec955c36ec62f49d89035d2ca1c772a44f5ba80cef3d23fa2e9cec	class=t_overlay_adv_object_subimage;proof=unique-hierarchy-method-and-slot-cleanup;cleanup=12;checked-rtti-and-raw-slots;vft=58df18,col=5bf318,offset=0,slot=5,entry=3cc470;source=cht-1.x:34c690;stable-assembly=1.000000
3d6c70	31606	?read@t_owned_adv_object@@UAE_NAAV?$basic_streambuf@DU?$char_traits@D@std@@@std@@ABVt_qualified_adv_object_type@@H@Z	reviewed-identity-and-runtime-vftable	356bb0	43f85d57c3184d7b0080c347c861eeb5d421765e5a757eccc3d8afa241e566a0	class=t_owned_adv_object;proof=reviewed-identity-and-runtime-vftable;cleanup=12;checked-rtti-and-raw-slots;vft=570d50,col=59bcc0,offset=0,slot=42,entry=3d6c70;manual-review=R03;source=cht-1.x:356bb0;stable-assembly=0.961538
3f05b0	32559	?create@?$t_object_factory@Vt_seers_hut@@@@UBEPAVt_stationary_adventure_object@@ABV?$basic_string@DU?$char_traits@D@std@@V?$allocator@D@2@@std@@ABVt_qualified_adv_object_type@@@Z	unique-hierarchy-method-and-slot-cleanup	36a560	87819fd50317168fa24c6c9efaef19379224ba4b2be1ffc5b173f8649090540e	class=t_object_factory<class t_seers_hut>;proof=unique-hierarchy-method-and-slot-cleanup;cleanup=8;checked-rtti-and-raw-slots;vft=58ef74,col=5c0888,offset=0,slot=0,entry=3f05b0;source=cht-1.x:36a560;stable-assembly=0.958904
3f5670	32984	?create@?$t_object_factory@Vt_random_town@@@@UBEPAVt_stationary_adventure_object@@ABV?$basic_string@DU?$char_traits@D@std@@V?$allocator@D@2@@std@@ABVt_qualified_adv_object_type@@@Z	unique-hierarchy-method-and-slot-cleanup	36f420	ccba72c7fda87c650b80c551b337cff06e86a89fc06010355dbc57a705450d83	class=t_object_factory<class t_random_town>;proof=unique-hierarchy-method-and-slot-cleanup;cleanup=8;checked-rtti-and-raw-slots;vft=59009c,col=5c1988,offset=0,slot=0,entry=3f5670;source=cht-1.x:36f420;stable-assembly=1.000000
400ea0	33196	?get_filename@t_resource_file@@UAE?AV?$basic_string@DU?$char_traits@D@std@@V?$allocator@D@2@@std@@XZ	unique-hierarchy-method-and-slot-cleanup	379ad0	99899be34e08ac5daac91ce2030df0ae8076034f227c4cffc2e50983a8827382	class=t_resource_file;proof=unique-hierarchy-method-and-slot-cleanup;cleanup=4;checked-rtti-and-raw-slots;vft=5903b4,col=5c1c80,offset=0,slot=2,entry=400ea0;source=cht-1.x:379ad0;stable-assembly=0.981481
408fe0	33359	?create@?$t_spell_factory@Vt_sacrifice@?%C:\work\game\resurrection_spell.cpp84171935@@@@UBEPAVt_combat_spell@@AAVt_battlefield@@W4t_spell@@@Z	unique-hierarchy-method-and-slot-cleanup	380bf0	8707f9f516274bb078bb2b5f5a854df1493822ad76dd31032068c065be41685c	class=t_spell_factory<class ?%C:\work\game\resurrection_spell.cpp84171935::t_sacrifice>;proof=unique-hierarchy-method-and-slot-cleanup;cleanup=8;checked-rtti-and-raw-slots;vft=590544,col=5c1fa0,offset=0,slot=0,entry=408fe0;source=cht-1.x:380bf0;stable-assembly=1.000000
410370	33529	?create_back_buffer@t_impl@t_scaled_adventure_map_drawer@@UAE?AV?$t_shared_ptr@V?$t_abstract_bitmap@G@@@@ABUt_screen_point@@@Z	unique-hierarchy-method-and-slot-cleanup	386eb0	14d9ae19ef2fbcc4d7284f1c2874b9692ccc28159c4253b7ae59fa62465c2aa9	class=t_scaled_adventure_map_drawer::t_impl;proof=unique-hierarchy-method-and-slot-cleanup;cleanup=8;checked-rtti-and-raw-slots;vft=590c4c,col=5c2788,offset=0,slot=0,entry=410370;source=cht-1.x:386eb0;stable-assembly=1.000000
4103a0	33530	?on_rects_dirtied@t_impl@t_scaled_adventure_map_drawer@@UAEXABV?$vector@Ut_screen_rect@@V?$allocator@Ut_screen_rect@@@std@@@std@@@Z	unique-hierarchy-method-and-slot-cleanup	386ee0	1ab685c0b6852243dcda9009563c4a62ea9bcd25bcc36ead832c7e7d3fcb9946	class=t_scaled_adventure_map_drawer::t_impl;proof=unique-hierarchy-method-and-slot-cleanup;cleanup=4;checked-rtti-and-raw-slots;vft=590c4c,col=5c2788,offset=0,slot=1,entry=4103a0;source=cht-1.x:386ee0;stable-assembly=1.000000
4241c0	34647	?write@t_script_combat@@UBE_NAAV?$basic_streambuf@DU?$char_traits@D@std@@@std@@@Z	reviewed-identity-and-runtime-vftable	396bd0	944127a195c1fe86305cfad11ef209b856ec01dc259e461ad49164013613a1da	class=t_script_combat;proof=reviewed-identity-and-runtime-vftable;cleanup=4;checked-rtti-and-raw-slots;vft=591d80,col=5c4bd8,offset=0,slot=5,entry=4241c0;manual-review=R04;source=cht-1.x:396bd0;stable-assembly=0.970588
45b6c0	37636	?read@t_sound_header@@UAE_NAAV?$basic_streambuf@DU?$char_traits@D@std@@@std@@@Z	unique-hierarchy-method-and-slot-cleanup	3c9240	c8d6a03a7480190ce0ad2739300118340ff0e9050ad73c768f47ad8966669a98	class=t_sound_header;proof=unique-hierarchy-method-and-slot-cleanup;cleanup=4;checked-rtti-and-raw-slots;vft=594750,col=5ca090,offset=0,slot=0,entry=45b6c0;source=cht-1.x:3c9240;stable-assembly=1.000000
45c340	37650	?set_volume@t_sound_player@?%C:\work\game\sound.cpp3050522799@@UAEXH_N@Z	unique-hierarchy-method-and-slot-cleanup	3ca160	d197d06821accfc6580855334b5c59501a0cc21203c762a4a93febc7b96f21fb	class=?%C:\work\game\sound.cpp3050522799::t_sound_player;proof=unique-hierarchy-method-and-slot-cleanup;cleanup=8;checked-rtti-and-raw-slots;vft=594784,col=5ca130,offset=0,slot=8,entry=45c340;source=cht-1.x:3ca160;stable-assembly=1.000000
45e0d0	37824	?read@t_mp3_data_stream@?%C:\work\game\sound_cache.cpp2541414890@@UAEJPAXJ@Z	unique-hierarchy-method-and-slot-cleanup	3cbf50	7594f9619475641a2ab81bcb98bcb3bf9d0ad17cdceb4ae9a63f0b3a575cad24	class=?%C:\work\game\sound_cache.cpp2541414890::t_mp3_data_stream;proof=unique-hierarchy-method-and-slot-cleanup;cleanup=8;checked-rtti-and-raw-slots;vft=59489c,col=5ca4c0,offset=0,slot=1,entry=45e0d0;source=cht-1.x:3cbf50;stable-assembly=1.000000
460d70	37937	?create@?$t_spell_factory@Vt_spell_displacement@@@@UBEPAVt_combat_spell@@AAVt_battlefield@@W4t_spell@@@Z	unique-hierarchy-method-and-slot-cleanup	3ce480	fa46b0cc340ab8bb16b0b5b98601c17d97196c40bdc243ba518bcdb73a1c2104	class=t_spell_factory<class t_spell_displacement>;proof=unique-hierarchy-method-and-slot-cleanup;cleanup=8;checked-rtti-and-raw-slots;vft=5948e4,col=5ca5a0,offset=0,slot=0,entry=460d70;source=cht-1.x:3ce480;stable-assembly=1.000000
467c20	38123	?create@?$t_spell_factory@Vt_spell_sparks@@@@UBEPAVt_combat_spell@@AAVt_battlefield@@W4t_spell@@@Z	unique-hierarchy-method-and-slot-cleanup	3d4ae0	b99463c68320be0c301b25c82d5a45997c4a3fbe06a0b6fb6a5aabc5ca9f0d2d	class=t_spell_factory<class t_spell_sparks>;proof=unique-hierarchy-method-and-slot-cleanup;cleanup=8;checked-rtti-and-raw-slots;vft=595218,col=5caa90,offset=0,slot=0,entry=467c20;source=cht-1.x:3d4ae0;stable-assembly=1.000000
478bd0	38431	?create@?$t_spell_factory@Vt_steal_enchantment@@@@UBEPAVt_combat_spell@@AAVt_battlefield@@W4t_spell@@@Z	unique-hierarchy-method-and-slot-cleanup	3e5340	987e0e2a66d45a1afe1fafd044b6686598abf5ae9d596190ea5a42363dcc9b1f	class=t_spell_factory<class t_steal_enchantment>;proof=unique-hierarchy-method-and-slot-cleanup;cleanup=8;checked-rtti-and-raw-slots;vft=595524,col=5cb288,offset=0,slot=0,entry=478bd0;source=cht-1.x:3e5340;stable-assembly=1.000000
478c50	38433	?create@?$t_spell_factory@Vt_steal_all@?%C:\work\game\steal_enchantment.cpp80274779@@@@UBEPAVt_combat_spell@@AAVt_battlefield@@W4t_spell@@@Z	unique-hierarchy-method-and-slot-cleanup	3e53c0	bde6c4bd7e40ce195071b5b9ba266b8dfed3daef39b2d8cc2a1e76c096ad59d0	class=t_spell_factory<class ?%C:\work\game\steal_enchantment.cpp80274779::t_steal_all>;proof=unique-hierarchy-method-and-slot-cleanup;cleanup=8;checked-rtti-and-raw-slots;vft=59558c,col=5cb3a0,offset=0,slot=0,entry=478c50;source=cht-1.x:3e53c0;stable-assembly=1.000000
47b680	38596	?create@?$t_spell_factory@Vt_summon_obstacle@@@@UBEPAVt_combat_spell@@AAVt_battlefield@@W4t_spell@@@Z	unique-hierarchy-method-and-slot-cleanup	3e7df0	8523181cb7c9a467fabee98e0aab30bf30f8403b5b2c9587c69800b9f2ad37c1	class=t_spell_factory<class t_summon_obstacle>;proof=unique-hierarchy-method-and-slot-cleanup;cleanup=8;checked-rtti-and-raw-slots;vft=595654,col=5cb568,offset=0,slot=0,entry=47b680;source=cht-1.x:3e7df0;stable-assembly=1.000000
47b6e0	38598	?create@?$t_spell_factory@Vt_summon_smoke@?%C:\work\game\summon_obstacle.cpp2839725687@@@@UBEPAVt_combat_spell@@AAVt_battlefield@@W4t_spell@@@Z	unique-hierarchy-method-and-slot-cleanup	3e7e50	107d4fce78b474b633adf5743b7a129186ba90b96e6deda2186f1116fd79edce	class=t_spell_factory<class ?%C:\work\game\summon_obstacle.cpp2839725687::t_summon_smoke>;proof=unique-hierarchy-method-and-slot-cleanup;cleanup=8;checked-rtti-and-raw-slots;vft=5956ac,col=5cb610,offset=0,slot=0,entry=47b6e0;source=cht-1.x:3e7e50;stable-assembly=1.000000
47f470	38674	?create@?$t_spell_factory@Vt_teleport_spell@@@@UBEPAVt_combat_spell@@AAVt_battlefield@@W4t_spell@@@Z	unique-hierarchy-method-and-slot-cleanup	3eb980	dde211e0398bb29fbdaf06d95fde03a9378be5e30bd29b4a2c7c315a5d3d2311	class=t_spell_factory<class t_teleport_spell>;proof=unique-hierarchy-method-and-slot-cleanup;cleanup=8;checked-rtti-and-raw-slots;vft=595874,col=5cb970,offset=0,slot=0,entry=47f470;source=cht-1.x:3eb980;stable-assembly=1.000000
4922f0	38938	?ai_distribute_value@t_requires_building@?%C:\work\game\town.cpp133794036@@UAEXPBVt_town@@MPAM@Z	unique-hierarchy-method-and-slot-cleanup	3fd7a0	9283f0d7d1765c23dc94d01333a9f3f632bdee4220fc5fe601c0e8720ab146a0	class=?%C:\work\game\town.cpp133794036::t_requires_building;proof=unique-hierarchy-method-and-slot-cleanup;cleanup=12;checked-rtti-and-raw-slots;vft=595d7c,col=5cbfb0,offset=0,slot=1,entry=4922f0;source=cht-1.x:3fd7a0;stable-assembly=1.000000
492b50	38946	?ai_distribute_value@t_or@?%C:\work\game\town.cpp133794036@@UAEXPBVt_town@@MPAM@Z	unique-hierarchy-method-and-slot-cleanup	3fdfb0	c70c102f94ffa24c47bca19149259d979de2376330cea28760eb95d5b87367a8	class=?%C:\work\game\town.cpp133794036::t_or;proof=unique-hierarchy-method-and-slot-cleanup;cleanup=12;checked-rtti-and-raw-slots;vft=595e1c,col=5cc128,offset=0,slot=1,entry=492b50;source=cht-1.x:3fdfb0;stable-assembly=1.000000
4a2930	39287	?create@?$t_object_factory_with_type@Vt_town@@@@UBEPAVt_stationary_adventure_object@@ABV?$basic_string@DU?$char_traits@D@std@@V?$allocator@D@2@@std@@ABVt_qualified_adv_object_type@@@Z	unique-hierarchy-method-and-slot-cleanup	40cc10	fb367596839fa36b2befcb77540b7dc58bd18babec914c0c4c1116af962dff7e	class=t_object_factory_with_type<class t_town>;proof=unique-hierarchy-method-and-slot-cleanup;cleanup=8;checked-rtti-and-raw-slots;vft=595d6c,col=5cbef8,offset=0,slot=0,entry=4a2930;source=cht-1.x:40cc10;stable-assembly=1.000000
4a29a0	39289	?create@?$t_object_factory@Vt_outpost@@@@UBEPAVt_stationary_adventure_object@@ABV?$basic_string@DU?$char_traits@D@std@@V?$allocator@D@2@@std@@ABVt_qualified_adv_object_type@@@Z	unique-hierarchy-method-and-slot-cleanup	40cc80	328c455fb634c0f31cd701857dcf82a2b01443d0c700bc97dcf9b215bbaef4d6	class=t_object_factory<class t_outpost>;proof=unique-hierarchy-method-and-slot-cleanup;cleanup=8;checked-rtti-and-raw-slots;vft=595d74,col=5cbf48,offset=0,slot=0,entry=4a29a0;source=cht-1.x:40cc80;stable-assembly=1.000000
4cba10	40537	?create@?$t_object_factory@Vt_war_institute@@@@UBEPAVt_stationary_adventure_object@@ABV?$basic_string@DU?$char_traits@D@std@@V?$allocator@D@2@@std@@ABVt_qualified_adv_object_type@@@Z	unique-hierarchy-method-and-slot-cleanup	433e80	805e2df9d63fd8efba8593f07ec165239d8b5bcae2fc14ef1cda0d2c774c1427	class=t_object_factory<class t_war_institute>;proof=unique-hierarchy-method-and-slot-cleanup;cleanup=8;checked-rtti-and-raw-slots;vft=597e2c,col=5cd318,offset=0,slot=0,entry=4cba10;source=cht-1.x:433e80;stable-assembly=1.000000
4cbc40	40541	?read@t_wave_stream@@UAEHPAXK@Z	unique-hierarchy-method-and-slot-cleanup	4340b0	269d5ae9ba272b7254a24c73d6b647abdb8cd0dd0a3e45e1be8485ae0f199847	class=t_wave_stream;proof=unique-hierarchy-method-and-slot-cleanup;cleanup=8;checked-rtti-and-raw-slots;vft=597fdc,col=5cd408,offset=0,slot=1,entry=4cbc40;source=cht-1.x:4340b0;stable-assembly=1.000000
4cd190	40585	?create@?$t_object_factory_with_type@Vt_weekly_generator@@@@UBEPAVt_stationary_adventure_object@@ABV?$basic_string@DU?$char_traits@D@std@@V?$allocator@D@2@@std@@ABVt_qualified_adv_object_type@@@Z	unique-hierarchy-method-and-slot-cleanup	435580	457d3cdf4421dcde7f75397ef6f8bad653117d86f11213f63419dfb83cfee327	class=t_object_factory_with_type<class t_weekly_generator>;proof=unique-hierarchy-method-and-slot-cleanup;cleanup=8;checked-rtti-and-raw-slots;vft=598010,col=5cd458,offset=0,slot=0,entry=4cd190;source=cht-1.x:435580;stable-assembly=1.000000
4d0070	40658	?get_bitmap@t_window_paint_surface@@UAE?AV?$t_shared_ptr@V?$t_abstract_bitmap@G@@@@XZ	unique-hierarchy-method-and-slot-cleanup	438420	581e6bceaf0139f486b067c0546bb8cf693e87ec4c8cc14349b8d6911b6ad861	class=t_window_paint_surface;proof=unique-hierarchy-method-and-slot-cleanup;cleanup=4;checked-rtti-and-raw-slots;vft=5983fc,col=5cd718,offset=0,slot=3,entry=4d0070;source=cht-1.x:438420;stable-assembly=1.000000
4d00a0	40659	?copy_buffer@t_window_paint_surface@@UAEXXZ	unique-hierarchy-method-and-slot-cleanup	438450	3361e7161d4fd8b9a36048ae4f5aa2233764b13213a2f35920adcd3949da6fa9	class=t_window_paint_surface;proof=unique-hierarchy-method-and-slot-cleanup;cleanup=0;checked-rtti-and-raw-slots;vft=5983fc,col=5cd718,offset=0,slot=1,entry=4d00a0;source=cht-1.x:438450;stable-assembly=1.000000
