sec	off	length	va	name	class
1	00000000	0062bbc8	00401000	.text	CODE
1	0062bbd0	00063aa3	00a2cbd0	.text$x	CODE
2	00000000	0002f430	00a91000	.rdata	DATA
2	0002f430	00035754	00ac0430	.rdata$r	DATA
2	00064b88	0006cd40	00af5b88	.xdata$x	DATA
2	000d18c8	00000000	00b628c8	.edata	DATA
3	00000000	00000004	00b63000	.CRT$XCA	DATA
3	00000004	00003070	00b63004	.CRT$XCU	DATA
3	00003074	00000004	00b66074	.CRT$XCZ	DATA
3	00003078	00000004	00b66078	.CRT$XIA	DATA
3	0000307c	0000000c	00b6607c	.CRT$XIC	DATA
3	00003088	00000004	00b66088	.CRT$XIY	DATA
3	0000308c	00000004	00b6608c	.CRT$XIZ	DATA
3	00003090	00000004	00b66090	.CRT$XPA	DATA
3	00003094	00000004	00b66094	.CRT$XPX	DATA
3	00003098	00000004	00b66098	.CRT$XPZ	DATA
3	0000309c	00000004	00b6609c	.CRT$XTA	DATA
3	000030a0	00000004	00b660a0	.CRT$XTB	DATA
3	000030a4	00000004	00b660a4	.CRT$XTZ	DATA
3	000030b0	000605b4	00b660b0	.data	DATA
3	00063668	00044a21	00bc6668	.bss	DATA
4	00000000	000000dc	00c0c000	.idata$2	DATA
4	000000dc	00000014	00c0c0dc	.idata$3	DATA
4	000000f0	000003a0	00c0c0f0	.idata$4	DATA
4	00000490	000003a0	00c0c490	.idata$5	DATA
4	00000830	00000d16	00c0c830	.idata$6	DATA
5	00000000	000003e8		.rsrc$01	DATA
5	000003f0	00004dd8		.rsrc$02	DATA
